Těně,rozc.|49.76026|13.78231
Kuřim,kult.dům|49.30767|16.5318
Vědomice,most|50.42805|14.26147
Starý Jičín,Jičina,kaple|49.57152|17.96219
Břeclav,CLO D2|48.68622|16.98721
Rtyně n.Bílinou,kostel|50.60386|13.90923
Veltruby,,II|50.02893|15.19278
Brodské,CLO D2|48.68622|16.98721
Gorzyczki,CLO D1|49.93629|18.40704
Kolín,PZKO NIPPON|50.07546|15.2273
Radim|50.07353|15.00751
Sarata,AS|49.95679|12.6975
Bratislava,AS|50.05239|14.28598
Kolín,PZKO TOYOTA TSUSHO|50.07353|15.21777
Ráby,křižovatka|50.07063|15.80201
Veltruby,,I|50.05843|15.18754
Olomouc,Chválkovická-Epava|49.60709|17.28217
Rokytá,Dolní Rokytá,ObÚ|50.55418|14.87654
Pardubice,Fáblovka|50.05956|15.77462
Jiříkov,CLO|50.95545|14.55366
Olomouc,AŽD|49.60795|17.28629
Medyka,CLO|50.2146|15.81077
Kolín,OC Stará plynárna|50.02104|15.21027
Ústí nad Labem,Předlice Jateční|50.66173|14.0041
Doloplazy,u hřiště|49.56522|17.41493
Náchod,CLO|50.41692|16.16867
Olomouc,Sigma|49.60035|17.24754
Staré Město,žel.st.|49.07617|17.4229
Rumburk,CLO|50.95545|14.55366
Rosice,Litostrovská|49.18749|16.3757
Lvov,AS Strijskij|50.7828|14.79051
Milevsko,Nádraží ČD|49.4418|14.37796
Doloplazy,u lípy|49.56807|17.41384
Olomouc,Na Rohu|49.59595|17.24694
Mýto,rozc.ke hřbitovu|49.79863|13.74948
Rosice,Okrouhlík|49.20051|16.36322
Olomouc,Kubatova|49.61447|17.29206
Lvov,žel.st.|50.78099|14.78788
Nemilkov,rozc.1.0|50.46387|13.60932
Milevsko,U věžáku|49.44299|14.37271
Doloplazy,hor.konec|49.57171|17.41408
Cherson,AS|50.18729|15.85092
Rosice,kamenolom|49.20488|16.3416
Olomouc,Týneček|49.62245|17.29532
Čepirohy,areál ALTAMEX|50.47203|13.61756
Varnsdorf,CLO|50.95545|14.55366
Přáslavice,Kocourovec|49.58254|17.41128
Milevsko,Nádražní|49.4438|14.372
Zbůch,Starý důl rozc.|49.67097|13.21502
Pardubice,Nové Srnojedy|50.0384|15.70523
Praha,Letiště|50.10839|14.26212
Svésedlice,rozc.|49.57487|17.37441
Karlovy Vary,Kpt.Jaroše|50.22782|12.83648
Pardubice,Staré Srnojedy|50.03781|15.69685
Chmeľnickij,AS|49.22329|17.65478
Třebíč,Marie Majerové|49.22214|15.88268
Havlíčkův Brod,Svatý Kříž,u pomníku|49.56724|15.57722
Žehušice,obora|49.96254|15.42754
Pálovice,náves|49.00532|15.53738
Ivančice,Řeznovice,hřbitov|49.08438|16.31468
Mokrouše,háj.|49.70827|13.54367
Čepirohy,okály|50.48623|13.62099
NC Černice|49.69949|13.42689
Prostřední Bečva,Pod Tanečnicí lom|49.47958|18.28626
Němčice,hrad Nový Herštejn|49.41471|13.06541
Luck,AS|50.22136|12.83944
Oslo,Bussterminal|49.19017|15.45225
Bukovice|49.7007|14.75488
Petřvald,Marjánka|49.83873|18.40676
Svinesundhagen,ZOLL|50.0029|14.55844
Brno,CTPark Brno South|49.17839|16.66773
Měchenice,samoobsluha|49.95984|14.36004
Liberec,Vratislavice n.Nisou,Vratislavická Kyselka|50.73337|15.10899
Lomnice,škola|50.52932|15.37415
Chodov,u koupaliště|50.24494|12.74102
Vranov n.Dyjí,pláž|48.91266|15.81612
Měchenice,žel.st.|49.91089|14.38398
Rohozec|50.61049|15.14866
Uman,AS|49.18262|16.62
Domašov n.Bystř.,žel.st.|49.74033|17.44492
Korec,AS|50.20161|14.9579
Brno,Letiště - logistický areál|49.15692|16.69894
Dešná|48.94127|15.56517
Lipovec,dolní konec|49.39196|16.7978
Domašov n.Bystř.,ÚNZ|49.74474|17.44243
Unín|49.38274|16.49223
Černíky|50.1023|14.82023
Hraničné Petrovice,rest.|49.73893|17.40123
Zhoř|49.61496|14.98152
Lípa|49.80137|15.67459
Lund,Busstationen|49.01055|17.18231
Jívová,nám.|49.70805|17.39343
Krčmaň,náves|49.52066|17.34377
Vodice,aut.kolodvor|49.46342|14.90898
Jívová,č.126|49.70605|17.3881
Bělkovice-Lašťany,Bělk.údolí rozc.|49.71523|17.35686
Znojmo,Městská plovárna Louka-Loucký klášter|48.84062|16.05818
Brno,U jezírka|49.21108|16.53242
Valtice,Úvaly,CLO|48.80725|16.6256
Reitzenhain,Wendeschleife|50.52068|13.2518
Dolné Vestenice,Jednota|48.8884|16.64452
Domašov u Šternberka,nám.|49.70587|17.33812
Chlumčany,Hradčany,rozcestí|49.63055|13.32875
Znojmo,Přehrada-údolí Dyje|48.85374|16.04354
Děpoltovice,Nivy,hájovna|50.28271|12.84019
Brno,U buku|48.97438|16.78302
Újezdec,U Spojů|49.43288|17.46184
Vratěnín,CLO|49.0804|15.41609
Děpoltovice,rozcestí koupaliště|50.28929|12.82031
Brumov-Bylnice,CLO|49.09096|18.02181
Domašov u Šternberka,chat.oblast|49.70852|17.33089
Chomutov,Přečáply|50.43104|13.47289
Deštná|49.61355|16.56478
Vranov,křiž.|49.35984|16.64663
Vlachovice|49.597|16.04088
Unkovice,rozc.0.5|49.01552|16.60467
Znojmo,kostel sv.Mikuláše|48.85472|16.04594
Chomutov,Přečáply,starý cukrovar|50.43594|13.46741
Liptál,Lůžko|49.27676|17.91428
Lužice,nám.|49.71579|17.25976
Lanžhot,CLO|48.72672|16.98278
Petrovice u Karv.,Dolní Marklovice,škola|49.88284|18.54688
Zvolen,AS|50.50111|14.42833
Znojmo,Ulice Přemyslovců|48.85615|16.046
Praha,Hradčanské náměstí|50.08959|14.39713
Údlice|50.43943|13.458
Šternberk,hřbitov|49.72649|17.27478
Berlin,Bahnhof Südkreuz|50.10325|14.43578
Letiště terminál|50.1053|14.26705
Petrovice u Karv.,Dolní Marklovice,kostel|49.892|18.56974
Znojmo,náměstí Svobody|48.86031|16.04734
Jihlava,M.Beranov,Nové stavení|49.4003|15.63167
Rusava,Ráztoka,hotel|49.33568|17.69654
Klučenice,ObÚ|49.553|14.21207
Litoměřice,Koupaliště|50.37958|14.91811
Banská Bystrica,AS|48.46393|18.70806
Trojanovice,Bystré,u kříže|49.52439|18.27374
Jihlava,V.Beranov,Nové Domky|49.40483|15.64936
Znojmo,Masarykovo nám.|48.85454|16.04986
Olomouc,Nová Ulice|49.58735|17.24426
Litoměřice,Lodní náměstí|50.52997|14.13116
Petrovice u Karv.,Dolní Marklovice,dvůr|49.89111|18.56314
Olomouc,Tyfloservis|49.58005|17.23366
Jihlava,V.Beranov,zast.|49.40228|15.6315
Kadaň,Tušimice|50.38138|13.33924
Chop,AS|50.09919|14.39707
Znojmo,Ulice Milady Horákové-autobusové a vlakové nádr.|48.85299|16.05821
Olomouc,FN Ortopedie|49.58198|17.23693
Kobylnice|50.00668|15.37631
Petrovice u Karv.,Dolní Marklovice,Pustky|49.89474|18.55178
Klenčí p.Čerch.,Jindřichova Hora|49.41447|12.75383
Olomouc,FN U lékárny|49.58317|17.23922
Bohdalice-Pavlovice,Pavlovice|49.21196|17.05991
Kiev,Avtovokzal Kiev|49.97231|12.70156
Nemecká|50.85555|15.16494
Sviadnov,,Bioskládka|49.69095|18.31287
Olomouc,FN III. interní klinika|49.58389|17.2392
Letohrad,Nad Bažantnicí|50.04258|16.51316
Karlovy Vary,Globus|50.21937|12.8065
Olomouc,FN Ředitelství|49.58573|17.24018
Semily,Spálov,žel.zast.|50.6341|15.30098
Střížovice,rozc.0.5|49.25132|17.44829
Zatoka,AS|49.57018|14.14306
Nysa,dw.aut.|50.72314|15.17375
Olomouc,Globus|49.60153|17.22308
Olomouc,FN Centrální příjem|49.58467|17.23787
Jesenný,obec|50.66297|15.34279
Hájek|49.38654|15.27846
Olomouc,Olomouc CITY|49.6024|17.22062
Luhačovice,Valaška|49.11359|17.76543
Olomouc,FN Zdravotníků|49.58639|17.23747
Brezno,žel.st.|50.41343|15.00483
Uničov,u pomníku|49.77367|17.12039
Obecnice,Oseč,Pod Třemošnou|49.70331|13.94912
Tupesy,k Břestku|49.08667|17.36481
Olomouc,Fakultní nem.|49.58595|17.2396
Mukačevo,AS|50.09|14.44028
Uničov,Dukelská|49.76993|17.11595
Olomouc,Šibeník|49.59644|17.23772
Chrudim,nemocnice|49.94227|15.80736
Velký Valtinov,Paseky|50.756|14.75137
Jívová,Olomoucká|49.7045|17.38877
Bystrá|49.50811|15.37085
Loukov,křiž.|49.34439|17.98405
Olomouc,Pionýrská|49.5776|17.23832
Uničov,sídl.Pionýrů|49.76738|17.11255
Užhorod,AS|50.09|14.44028
Olomouc,Svornosti|49.59414|17.23449
Velký Valtinov,u Paseků|50.73919|14.7392
Dolany,Pohořany,garáž|49.67234|17.37761
České Budějovice,Kněžské Dvory - škola|49.00046|14.47595
Šanov,pož.zbroj.|48.80216|16.37403
Uničov,Renoty,náves|49.74061|17.10187
Olomouc,U zlaté koule|49.59646|17.23464
Olomouc,Tabulový vrch|49.58331|17.22264
Loučka,náves|49.39793|17.66578
Mošnov,kulturní dům|49.68761|18.13174
Dolany,Pohořany,hor.konec|49.67634|17.38398
Karlovy Vary,Mattoniho nábřeží|50.23742|12.88358
Olomouc,Gymnázium Hejčín|49.60236|17.23852
Uničov,Dětřichov,náves|49.73573|17.1242
Olomouc,Nemilany|49.55876|17.24427
Praha,Dvořákovo nábřeží|50.09303|14.4203
Dolany,Véska,Dolní bouda|49.66961|17.36157
Bílsko,náves|49.33476|14.04049
Česká Třebová,Svinná,rozc.|49.90406|16.39925
Norberčany,Stará Libavá,křiž.|49.77862|17.49765
Olomouc,Velkomoravská|49.58112|17.25673
Uničov,pekárna|49.7715|17.12196
Vilémov,Na Prátné|49.64145|17.00376
Olomouc,Slavonín,Cihelna|49.56074|17.24239
Hradec Králové,Křižovatka Běleč|50.21315|15.90904
Norberčany,Stará Libavá,závod|49.77419|17.49759
Dolany,Véska,náves|49.65852|17.35544
Velké Meziříčí,Výtahy|49.37018|16.01505
Frenštát p.Radh.,Žuchov|49.54564|18.23971
Mirovice,Ráztely,rozc.2.0|49.52359|14.00319
Olomouc,Kyselovská|49.56452|17.23659
Vilémov,náves|49.97171|15.32755
Ružomberok,AS|49.06897|19.27191
Norberčany,náves|49.61637|17.19751
Ostrava,Poruba,Bedřicha Nikodema|49.84243|18.15568
Běleč|49.54336|14.83625
Hulín,TOS|49.31097|17.47728
Žatec,Astra|50.38625|13.26297
Olbramice,čekárna|49.61348|16.9999
Dolany,Nové sady|49.65309|17.35045
Norberčany,Trhavice|49.74739|17.51184
Košice,AS|50.06361|15.22924
Zlín,J.Staši|49.20607|17.59362
Vilémov,rozc.Olbramice|49.6311|16.9964
Olomouc,Slavonín,křiž.|49.56857|17.23419
Dolany,Pod Kartouzkou|49.65268|17.3337
Vranov n.Dyjí,před hrází|48.90127|15.81745
Hlavní nádraží|50.03189|15.75638
Hulín,u mostu|49.31456|17.47069
Praha,Schorova|50.10223|14.46919
Zlín,Jarolímkovo nám.|49.20531|17.59488
Město Libavá,nám.|49.72075|17.52024
Senice na Hané,Cakov,rest.|49.62662|17.02589
Olomouc,Slavonín,Dům seniorů|49.56925|17.24189
Třebětice|49.31744|17.51945
Senička,rest.|49.63238|17.05596
Zlín,1.máje|49.29788|17.39305
Město Libavá,Heroltovice,sídliště|49.7373|17.48576
Velké Karlovice,Miloňov,hotel|49.38322|18.31492
Pardubice,ul.17.listopadu|50.03233|15.76953
Lubny,AS|50.27765|16.38858
Senice na Hané,Odrlice,rozc.|49.63302|17.06756
Prešov,AS|49.8016|13.57886
Zlín,Kamenec I.|49.19908|17.59708
Domašov n.Bystř.,lihovar|49.74294|17.45301
Olomouc,Zikova|49.57757|17.25603
Senice na Hané,škola|49.62492|17.09002
Pardubice,Letiště|50.01677|15.72508
Litomyšl,sportovní areál|49.86469|16.31959
Velké Karlovice,Miloňov,penzion|49.37726|18.30456
Zlín,Kamenec II.|49.20021|17.59861
Šternberk,Těšíkov,Kyselka rozc.|49.73628|17.37642
Kolín,Tesla|50.02223|15.20663
Olomouc,Rožňavská|49.57484|17.25292
Senice na Hané,pož.zbroj.|49.62565|17.08857
Litomyšl,Z.Kopala|49.86211|16.31095
Zlín,Pionýrů|49.20174|17.59572
Velké Karlovice,Miloňov,U Malinů|49.37213|18.30846
Staré Město,Bratří Mrštíků|49.07578|17.43021
Šternberk,Těšíkov|49.73734|17.34745
Kolín,Kablo|50.01081|15.22604
Valy|50.03198|15.61407
Zlín,Zabrání|49.20371|17.59504
Poprad,AS|49.97227|16.39708
Pardubice,Dukla,KD|50.02483|15.76455
Lipina,Stachov|49.73536|17.3275
Senice na Hané,žel.st.|49.62152|17.10004
Olomouc,Jižní|49.56861|17.23948
Znojmo,Družstevní stanice STK|48.8517|16.06675
Tišnov,Hájek,rozc.1.4|49.365|16.45333
Hustopeče,Kaufland|48.95129|16.72418
Netunice,náves|49.65139|13.43536
Zlín,Sokolovská|49.20467|17.59085
Bouzov,Kozov,čekárna|49.70485|16.86586
Lipina|49.7301|14.99869
Senice na Hané,stará pošta|49.62467|17.08887
Valašské Klobouky,záv.Igla|49.14059|18.01914
Bouzov,Bezděkov,rozc.|49.70885|16.87342
Luká,nám.|49.64925|16.94972
Zlín,Tyršova|49.20266|17.56894
Olomouc,U kapličky|49.60838|17.23473
KARLA|50.00874|17.47454
Senice na Hané,kult.dům|49.62291|17.08447
Bouzov,Doly,rozc.|49.70952|16.88136
Hranice,nemoc.|50.19949|15.82439
Ivaň,rozc.|49.4333|17.25929
Smila,AS|49.21445|15.88677
Pula,aut.kolodvor|49.81879|16.29237
Zlín,Masarykova|49.33055|17.58314
Náměšť na Hané,Biskupství|49.60593|17.06692
Olomouc,Povel škola|49.57998|17.24882
Žilina,AS|50.07108|14.40094
Bouzov,nám.|49.70412|16.89345
Olomouc,aut.nádr.|49.58819|17.28577
Bouzov,Jeřmaň,náves|49.71779|16.89526
Zlín,Mlýnská|49.30008|17.3922
Olomouc,Fibichova|49.5893|17.27784
Olomouc,U botanické zahrady|49.58589|17.24898
Náměšť na Hané,nám.|49.60354|17.06463
Zlín,Sklady|49.23609|17.67059
Bouzov,Jeřmaň,most|49.7209|16.89542
Udvar,ZOLL|50.0029|14.55844
Nádraží|50.08299|14.43698
Olomouc,Kosmonautů|49.59173|17.27498
Náměšť na Hané,u žel.přejezdu|49.60071|17.06847
Olomouc,Smetanovy sady|49.58558|17.25475
Dolina,AS|50.04804|14.48986
Rabuiese,ZOLL|50.0029|14.55844
Olomouc,Tržnice plocha|49.58864|17.25461
Metropol|50.05846|14.29403
Trnava,AS|49.27968|17.82722
Olomouc,tržnice|49.58947|17.25508
Loučany,Hliníky|49.60029|17.08085
Mladeč,Sobáčov,rest.STOP|49.69449|17.03713
Kaluš,AS|49.59674|17.24642
Olomouc,Trnkova|49.57956|17.25731
Olomouc,Nám.Hrdinů|49.59526|17.2472
Letiště České Budějovice-Terminál|48.95003|14.43612
Drahanovice,Na Nové|49.58409|17.08657
Olomouc,Andělská|50.02754|16.97852
Modriča,Autobuska stanica|49.13378|16.60617
Čepirohy,zahrádkářská kolonie|50.48521|13.62349
Drahanovice,žel.st.|49.58335|17.07923
Olomouc,Ahold|49.56159|17.26179
Nitra,AS|50.57154|15.61117
Tlumač,AS|49.40736|12.92474
Olomouc,Na Střelnici|49.61937|17.24161
Most,Hipodrom|50.4745|13.64665
Kožušany-Tážaly,křiž.|49.47192|17.11183
Manětín,Na Výhledech|49.97022|13.26315
Olomouc,Ladova|49.60263|17.24161
Brody,AS|50.24712|13.33782
Blatec,rozc.|49.52906|17.25147
Holýšov,Kasárenská|49.61021|13.08746
Kladno,Belgická|50.12005|14.11258
Zlaté Moravce,AS|49.93705|17.89558
Klatovy,u autobusového nádraží|49.40123|13.27922
Blatec,náves|49.61637|17.19751
Dlouhá Ves|49.57903|15.67347
Olomouc,Finanční úřad|49.6023|17.25298
Nýrsko,Pod Mezí|49.29686|13.15117
Charváty,náves|49.34747|17.44594
Katovice|49.27388|13.82992
Terezín|50.51485|14.14848
Olomouc,Lazce|49.60719|17.25221
Ořechov|49.03088|17.30246
Dubno,AS|50.40374|16.06952
Charváty,Drahlov,náves|49.51136|17.25094
Großschönau,Jonsdorfer Straße|50.90474|14.65016
Brezno,AS|50.66412|14.15003
Holetín,Dolní Holetín|49.80669|15.92176
Mariánské Lázně,Sídliště|50.06168|12.98536
Visoko,Autobuska stanica|48.983|13.77477
Rivne,AS|50.09|14.44028
Olomouc,Lazce,kaple|49.59456|17.25436
Dub n.Mor.,Bolelouc,rozc.|49.49759|17.26286
Zákupy,škola|50.68636|14.65078
Hodonín,Kapřiska|48.8522|17.10716
Suchonice,náves|49.34747|17.44594
Mariánské Lázně,Dopravní podnik|49.94878|12.71096
Brest,centr.nádr.|49.34928|17.45524
Olomouc,Frajtovo nám.|49.61242|17.25653
Großschönau,Cafe|50.95265|14.55681
Frýdek-Místek,Místek,ul.17.listopadu|49.67823|18.33203
Dub n.Mor.,Tučapy,rozc.|49.48865|17.26936
Třinec,Horní Líštná,CLO|49.74944|18.62524
Šarovy,Dvůr Lapač|49.14084|17.60491
Olomouc,Stratilova|49.61104|17.25938
Mais|49.22075|17.63686
Mariánské Lázně,Antoníčkův pramen|49.95168|12.71646
Stošíkovice na Louce,rozc.1.7|48.88985|16.1967
Olomouc,Farmak|49.61161|17.26412
Dub n.Mor.,Bolelouc,náves|49.49399|17.27108
Kiev,AS Petlyury|50.08312|14.43041
Horšovský Týn,Horní Metelsko,kaplička|49.5659|12.89325
Mariánské Lázně,Lékárna|49.94975|12.71342
Bahratal,grenzübergang|50.81497|13.98188
Lanškroun,Skleněný vrch|49.91169|16.60341
Kiev,AS|50.08312|14.43041
Leszna Górna,CLO|49.69966|18.71155
Velký Osek,ObÚ|50.09895|15.18581
Drmoul, Hřiště|49.93718|12.66322
Dub n.Mor.,Tučapy,náves|49.48951|17.27394
Ostrava,Poruba,PZ|49.81307|18.15585
Petrovice,CLO|49.77463|15.55974
Olomouc,Na Pile|49.6037|17.27953
Hněvotín,škola|49.57471|17.1814
Bravantice,Lidl|49.75575|18.10059
Vejprnice,Tyršova|49.72721|13.2794
Volovec,AS|48.85607|20.9356
Hradec Králové,Předměřice PANELÁRNA|50.25663|15.8189
Olomouc,Topolany,Bílkova|49.58639|17.17958
Dub n.Mor.,Tyršova|49.48221|17.27642
Dolany,Dolánky,rozc.|49.6511|17.31068
Polepy|50.00536|15.20511
Hradec Králové,Předměřice Cukrovar|50.25264|15.81368
Polom,odb.Sudslava|50.04781|16.29436
Eck|50.56591|15.91989
Šternberk,Olomoucká|49.7331|17.3018
Třebešice|49.9296|15.33882
Zlín,Podvesná XVI.|49.22843|17.69269
Nové Město na Mor.,Polní|49.56966|16.06766
Zlín,Podvesná XII.|49.22876|17.68866
Hradec Králové,Předměřice Na Staré|50.23103|15.84843
Šternberk,aut.st.|49.72165|17.28554
Zlín,Vodní|49.22921|17.66914
Wisla,Labajów,Centrum|52.24166|21.02871
K.-Podilskyy,AS|49.22329|17.65478
Nové Město na Mor.,Německého|49.56047|16.06751
Hradec Králové,Předměřice pošta|50.25882|15.81479
Šternberk,nem.|49.72308|17.29784
Havlíčkův Brod,Občiny|49.59149|15.54821
Halenkov,Břežitá,konečná|49.3142|18.1845
Kadov|49.63279|16.07959
Lutopecny,cihelna|49.29876|17.35747
Dub n.Mor.,nám.|49.19832|16.60716
Bavoryně|49.90013|13.96083
Lipina,rozc.|49.74122|17.3225
Slavičín,ZŠ Vlára|49.09108|17.87979
Hradec Králové,Předměřice U Mikšů|50.26155|15.81475
Věrovany,Nenakonice,Jednota|49.47095|17.28477
Šanov,rozc.1.0|49.05723|17.89185
Horní Loděnice,Nové Dvorce|49.76323|17.35155
Věrovany,Rakodavy|49.46671|17.28815
Hradec Králové,Lochenice zastávka|50.27276|15.81985
Újezd,škola|49.17255|17.90323
Turka,AS|50.53062|15.37277
Istebna,Olza|49.56081|18.8392
Horní Loděnice,rest.|49.77034|17.37487
Nošovice,PZ - jih|49.65645|18.44361
Trnové Pole,rozc.1.2|48.95522|16.41364
Věrovany,rest.Na vrchu|49.46237|17.28615
Hradec Králové,Lochenice Konzum|50.27021|15.81849
Jehnědí,odb.Sloupnice|49.96256|16.32638
Haluzice|49.13806|17.89781
Valky,AS|49.69508|15.75497
Uherský Ostroh,rest.Osmek|48.98645|17.40539
Ústí n.Orl.,Tvardkova|49.9748|16.40101
Klopotovice,rozc.2.0|49.44995|17.27849
Hradec Králové,Lochenice kostel|50.20903|15.83345
Lohberg,Neuschrenkenthal|49.17897|13.07392
Hranice,Trojmezí,návrší|50.30011|12.15425
Lipinka,hájenka|49.83738|17.04489
Citice,SÚS|50.16151|12.62346
Olomouc,Chomoutov,škola|49.64305|17.23089
Radětice|49.31925|14.44119
Ostrožská Lhota,ulice Chříb|48.98075|17.46425
Lipinka,ObÚ|49.83719|17.05119
Olomouc,Horecká|49.63925|17.23154
Bayer.Eisenstein,Arbersee|49.12166|13.20938
Skole,AS|50.21661|12.19419
Lohberg,Gasthaus Wastl|49.17897|13.07392
Nová Hradečná,žel.st.|49.83575|17.07231
Kolín,Zásmucká|50.01534|15.1924
Horka n.Mor.,Sedlisko|49.63986|17.21752
Olomouc,Droždín,škola|49.61618|17.33119
Kolín,Za Jízdárnou|50.01659|15.1946
Nová Hradečná,pod kostelem|49.83574|17.07927
Thurnhoflift,Haltestelle|50.13417|14.41907
Handlová,centrum|50.04374|14.43563
Olomouc,Droždínská zatáčka|49.62032|17.33543
Horka n.Mor.,Obecní úřad|49.63952|17.21041
Nová Hradečná,ObÚ|49.84056|17.08885
Buchetbühl|49.21147|13.03027
Horka n.Mor.,škola|49.64076|17.20579
Tisovec,nám.|49.95321|16.1593
Olomouc,Svatý Kopeček,bazilika|49.62944|17.33872
St.Gallen,Lagerstrasse|50.08564|14.42237
Nová Hradečná,Hradec,u kaple|49.83908|17.09747
Skrbeň|49.63881|17.17468
Bayer.Eisenstein,Häusl|49.12521|13.19264
Troubelice,Pískov,náves|49.82112|17.04926
Hatě,CLO|48.85218|16.06251
Horka n.Mor.|49.65599|17.20255
Bayer.Eisenstein,P-Grenzübergang|49.12279|13.20446
Lvov,AS|50.77412|14.80736
Revúca,AS|48.68557|20.11127
Olomouc,Svatý Kopeček,ZOO|49.6334|17.34318
Troubelice,sídliště|49.67369|17.22669
Koloveč,Zichov|49.48553|13.13968
Troubelice,u Krškových|49.82202|17.06799
Olomouc,Radíkov|49.64211|17.36801
Horka n.Mor.,areál Delta|49.62732|17.20533
Troubelice,u Kropáčů|49.81819|17.07821
Olomouc,Lošov|49.62423|17.36588
Doubrava,CLO|49.14074|17.66663
Bayer.Eisenstein|49.12166|13.20938
Troubelice,u kaple|49.81759|17.08177
Horka n.Mor.,U Přejezdu|49.63027|17.2085
Rožňava,AS|48.66192|20.53252
Olomouc,Lošov,Svolinského|49.61998|17.36401
Dražovice|49.224|13.60896
Kraslice,CLO|50.1847|12.64222
Troubelice,žel.st.|49.82562|17.06731
Kanina|50.41568|14.61487
Krmelín,Proskovická|49.73377|18.23081
Olomouc,Poděbrady|49.62779|17.22533
Uničov,hřbitov|49.7661|17.11693
Suchov,rozc.|48.92766|17.55446
Kiev,AS Vydubyči|50.08312|14.43041
Pohořelice,obchod|48.97995|16.51784
Uničov,sídl.Moravské nám.|49.77059|17.11416
Olomouc,Řepčín,železárny|49.61241|17.2256
Nowe Chalupki,CLO|49.91673|18.32298
Plzeň,Sídliště Litice|49.69813|13.34826
Ostrava,Proskovice,has.zbroj.|49.74816|18.20186
Troubelice,Dědinka,náves|49.80544|17.05964
Uničov,Střelice,nám.|49.74977|17.09182
Krmelín,Paskovská|49.73022|18.24308
Makov|49.85644|16.19249
Olomouc,Řepčín,Máchova|49.60841|17.22855
Radošovice|49.7409|14.86812
Troubelice,u Polákových|49.81487|17.08721
Przemysl,ul.Czarnieckiego-WAGABUNDA|50.03784|13.87226
Plzeň,Větrná|49.6962|13.34767
Uničov,Střelice,pošta|49.70652|17.07628
Vlkoš,Lidový dům|48.99194|17.16663
Hradec Králové,Rusek - Jednota|50.25468|15.85109
Olomouc,Svatoplukova|49.60658|17.2322
Troubelice,u Štoksových|49.81077|17.09619
Hostouň,Mírkovice|49.57971|12.79317
Borotín|49.58119|16.67035
Uničov,Benkov,rest.|49.76715|17.07399
Plzeň,Šlovická|49.69455|13.35042
Labuty|49.04654|17.21231
Ikla,CLO|50.1179|14.60743
Hradec Králové,U Lupínků|50.23472|15.85128
Troubelice,Lazce,náves|49.80404|17.10332
Střeň,žel.st.|49.6973|17.15669
Medlov,Králová,náves|49.76911|17.03479
Ostrava,Mor.Ostrava,Důl Jindřich|49.84213|18.283
Uničov,Nová Dědina,rozc.|49.79695|17.11305
Skalka|50.0681|14.50773
Olomouc,Na trati|49.60252|17.23615
Medlov,Hlivice,náves|49.78356|17.03906
Valeč|49.14755|16.03603
Uničov,Šumperská|49.78224|17.12206
Ostrava,Mor.Ostrava,Elektra|49.83245|18.26564
Vřesovice|49.40248|17.13737
Olomouc,Envelopa|49.5909|17.26333
Olomouc,Slavonín,Zolova|49.56923|17.23009
Spišská N.Ves,AS|48.95568|20.5144
Medlov,u mostu|49.78295|17.0702
Buchlovice,Zahrady|49.09352|17.32828
Adamov,Na Lukách|49.00525|14.55346
Uničov,žel.st.|49.77921|17.11592
Olomouc,Kafkova|49.57483|17.2275
Holubice|49.04949|15.61405
Ostrava,Mor.Ostrava,Don Bosco|49.82721|18.27819
Medlov,čekárna|49.78701|17.06098
Olomouc,17.listopadu|49.59354|17.26129
Velká n.Veličkou,záv.|48.88983|17.51283
Uničov,aut.st.|49.77402|17.11775
Tursko|50.1909|14.32116
Štěkeň,Nové Kestřany,II|49.26649|14.03982
Medlov,Hlivice,VKPP|49.77903|17.04728
Hrobice|50.10649|15.7886
Olomouc,Centrum Haná|49.57537|17.22816
Olomouc,Černá cesta|49.59948|17.26717
Uničov,TESCO|49.77602|17.12084
Olomouc,Klášterní Hradisko|49.60566|17.26512
Uničov,poliklinika|49.76704|17.12036
Štěkeň,Nové Kestřany,I|49.26846|14.04445
Olomouc,Jablonského|49.61037|17.25849
Červenka,Na aleji Háj|49.73726|17.04484
Dražovice,ZŠ|49.19379|16.94648
Svinaře,škola|49.96192|14.24878
Štíty,Crhov,dol.konec|49.93194|16.74978
Meziříčí|49.35784|16.01245
Podbřežice,rozc.1.0|49.20813|16.92055
Teplička|50.14902|12.85279
Červenka,Nový Dvůr,střed|49.72955|17.0551
Holubice,kruh|50.07549|14.43894
Višňová|49.21901|14.84125
Ostrava,Hrabová,Cementová|49.80369|18.27227
Červenka,podjezd|49.72697|17.08203
Valašské Meziříčí,U kasáren|49.47115|17.98048
Říčany,Radošovice,Rondel|49.99884|14.66508
Hnojník,Elpro|49.69564|18.54169
Hora Svatého Václava,Načetín,rozcestí|49.52036|12.75216
Červenka,žel.st.|49.72393|17.09123
Praha,Hotel Hilton|50.08857|14.43197
Halámky,CLO|49.03725|14.69609
Karlovy Vary,Nádraží Dalovice|50.25485|12.8866
Červenka,u váhy|49.71931|17.07739
Olomouc,Wolkerova|49.58509|17.24227
Litovel,Papcel|49.71213|17.07516
Bušanovice,Beneda|49.1102|13.91531
Olomouc,Výstaviště Flora|49.5884|17.24551
Warszawa,Lotnisko Chopina|52.16585|20.96712
Drnovice,škola|49.27698|16.95026
Litovel,rozc.k cukrovaru|49.70816|17.07377
Karlovy Vary,Na Pasece|50.25251|12.88242
Olomouc,U Teplárny|49.58551|17.2686
Kuřimská Nová Ves,Prosatín,rozc.1.0|49.33908|16.29407
Salzburg,Süd|47.10927|12.34534
Přezletice,Dolní náves|50.15527|14.57853
Olomouc,Vejdovského|49.59034|17.26995
Lipník n.Bečvou,Podhoří,Peklo|49.56702|17.62304
Hlubočky,Domov důchodců|49.66045|17.40883
Karolinka,škola|49.35338|18.23078
Pardubice,letiště|50.01677|15.72508
Praha,Šárecká|50.10542|14.35805
Strachotice,křiž.|48.79294|16.18729
Hlubočky,U továrny|49.64967|17.4103
Olomouc,Hřbitovy|49.59731|17.21955
Olomouc,U Lesa|49.61078|17.25708
Hlubočky,Dukla|49.64522|17.40967
Moravský Beroun,žel.st.|49.78448|17.43227
Hromnice,Žichlice,u památníku|49.83926|13.46045
Uhersko,žel.st.|49.98735|16.015
Vejprty,CLO|50.46297|13.38775
Náměšť na Hané,Nové Dvory,točna|49.61943|17.03608
Hlubočky,nad Orátem|49.64093|17.40902
Klučov|50.09464|14.90385
Olomouc,Radíkov,zahrádky|49.63546|17.35765
Moravský Beroun,U Sedmi Dvorů|49.78355|17.43904
Karlovy Vary,Rybáře,Sokolovská|50.23601|12.85865
Jablonec n.Nisou,Pod sídlištěm|50.73025|15.18513
Olomouc,hl.nádr.|49.59258|17.27838
Hlubočky,ObÚ|49.62995|17.4032
Vojkovice,pod mostem|49.67242|18.47748
Kostelec n.Orl.,Technické služby|50.11889|16.19904
Fulnek,k zámku|49.70385|17.89717
Olomouc,Droždín,dol.konec|49.61726|17.32897
Moravský Beroun,Janáčkova|49.79739|17.44708
Mariánské Lázně,Úšovice,škola|49.95294|12.70989
Hlubočky,Obuv|49.59575|17.25463
Olomouc,U Bystřičky|49.5945|17.2709
Líšnice|49.7652|16.85861
Samotíšky|49.62558|17.32669
Strašice,Vojenský Újezd Brdy|49.73387|13.76098
Přepeře|50.46429|15.10476
Pardubice,Polabiny,Hradecká|50.04928|15.766
Olomouc,Žižkovo nám.|49.59606|17.26519
Olomouc,Domov seniorů|49.61585|17.29664
Čortkiv,AS|48.74262|25.9936
Hlubočky,Mariánské Údolí,Lesní|49.62091|17.39546
Přáslavice,škola|49.58594|17.38229
Pozlovice,PV ZD|49.12271|17.75844
Hlubočky,Mariánské Údolí,sídl.|49.62389|17.39872
Svésedlice,ObÚ|49.57246|17.38073
Olomouc,Selské nám.|49.61421|17.29298
Olomouc,U Dómu|49.59772|17.26269
Chuderov,statek|50.69144|14.09187
Bílá,Konečná|49.45273|18.52223
Cheb,,Podhradská depo rozc.|50.06799|12.38734
Velký Týnec,Čechovice,náves|49.55498|17.35883
Újezd nade Mží,rozcestí|49.80443|13.20667
Hlubočky,Mariánské Údolí,potraviny|49.61749|17.39472
Olbramice,Hataše|49.61347|16.97873
Kaceřov|50.04183|14.46054
Velký Týnec,Komárov|49.54954|17.34407
Brno,Herčíkova - škola|49.23074|16.58475
Kolín,Na 15 kopách|50.01849|15.2076
Hlubočky,Posluchov,náves|49.63295|17.39355
Olomouc,Nám.Republiky|49.59602|17.25776
Hvozd,Vojtěchov,rozc.|49.64554|16.93019
Olomouc,U Sv. Mořice|49.59548|17.25126
Velký Týnec,Na Návsi|49.55188|17.33684
Rožnov p.Radh.,zemědělská škola|49.46106|18.13765
Bayer.Eisenstein,Jugendherberge|49.12166|13.20938
Luká,Ješov,rozc.|49.66602|16.95966
Hlubočky,Mariánské Údolí,MORA|49.61847|17.39854
Olomouc,Nové Sady,Čistička|49.56676|17.26467
Jindřichov,žel.st.|49.15519|15.00407
Olomouc,Okresní soud|49.59229|17.24872
Velký Týnec,sokolovna|49.55166|17.33479
Slavětín,rest.|49.67285|16.96548
Chrudim,K Májovu|49.95708|15.80451
Mrsklesy,Kovákov|49.60652|17.39698
Hradec Králové,Plotiště škola|50.22545|15.80435
Velký Týnec,Orlovna|49.54755|17.33095
Litovel,Savín,rozc.|49.68108|16.98859
Olomouc,Na Letné|49.46097|18.151
Olomouc,Rooseveltova|49.58553|17.25565
Brno,Bratislavská|49.1996|16.62259
Mrsklesy,křiž.|49.60106|17.39493
Lipová-lázně,žel.st.|50.22841|17.13078
Olomouc,U Bristolu|49.59808|17.26679
Karlovy Vary,Goethova vyhlídka|50.22403|12.90329
Grygov,u parku|49.5388|17.30873
Mrsklesy,kulturní dům|49.60182|17.40053
Olomouc,Za Poštou|49.58246|17.2567
Litovel,Savín,náves|49.67531|16.98617
Čechtice,Práchňany|49.60251|15.01636
Olomouc,Pasteurova|49.59913|17.27203
Javorník,žel.st.|50.3948|17.01566
Karlovy Vary,Parkoviště KOME|50.21263|12.88874
Velký Týnec,Vsisko,rozc.|49.55356|17.31659
Olomouc,U Rybářského stavu|49.57695|17.25784
Litovel,Savín,Na Pindě|49.68364|16.99445
Velká Bystřice,hor.konec|49.59729|17.36753
Praha,Senovážné náměstí|50.08592|14.43236
Olomouc,Olma|49.58607|17.29865
Jindřichův Hradec,OC Hvězdárna|49.13027|15.00371
Velký Týnec,Vsisko,Olympia|49.55956|17.30827
Měrotín,náves|49.68994|17.07874
Bor,Nová Hospoda,restaurace|49.74683|12.77561
Zubří,výzk.ústav|49.46333|18.08286
Olomouc,Nové Sady|49.57097|17.26075
Olomouc,Pavelkova JTEKT|49.59339|17.30047
Velká Bystřice,radnice|49.59352|17.35911
Ostrava,Zábřeh,Horymírova|49.80657|18.23827
Dřevohostice,kostel|49.42703|17.58831
Olomouc,Týnecká|49.57531|17.29714
Uherský Ostroh,točna|48.98377|17.37806
Litovel,Nová Ves,rozc.|49.68347|17.02248
Střítež n.Bečvou,lesní záv.|49.46582|18.07424
Bukovany|49.82405|14.61844
Ostrava,Vítkovice,SPORT ARÉNA|49.80431|18.25596
Olomouc,Civilní obrana|49.59753|17.29882
Olomouc,Okružní|49.58086|17.22739
Kravaře,Kouty,žel.st.|49.93094|18.03922
Duchcov,Nové sady|50.62074|13.74026
Olomouc,Pekárny|49.59044|17.28805
Žimutice,rozc.Břehy|49.20197|14.5103
Litovel,Chudobín,pošta|49.68832|17.03622
Velká Bystřice,cukrovar|49.59174|17.3522
Olomouc,Dopravní stavby|49.56882|17.3045
Olomouc,Profesora Fuky|49.5841|17.22521
Ostrava,Mor.Ostrava,Dolní Vítkovice Hlubina|49.82116|18.27827
Kolín,Retailpark Ovčáry|50.06218|15.22914
Haňovice,ZD|49.68186|17.04494
Přáslavice,sušárna|49.59477|17.40489
Olomouc,Presbeton|49.60134|17.2928
Malovice,u cihelny rozc.0.5|49.09288|14.20496
Olomouc,Karafiátová|49.5866|17.22999
Ostrava,Dubina,Václava Jiřikovského|49.77485|18.25072
Přáslavice,rozc.|49.58705|17.3896
Bärenstein,Ortseingang|49.45091|16.31824
Olomouc,Panelárna|49.60303|17.29245
Litovel,Nasobůrky,cihelna|49.688|17.05383
Olomouc,Stupkova|49.58884|17.23216
Kožlí|49.76611|14.62246
Přáslavice,rozc.Mariánské Údolí|49.58798|17.39177
Borovnice,Homole,Závrší|50.04705|16.24685
Ostrava,Dubina,Antonína Poledníka|49.77764|18.25185
Litovel,Nasobůrky,rozc.Víska|49.69078|17.05627
Muzeum|49.59718|17.40434
Olomouc,Jílová|49.59033|17.23211
Přáslavice,Bistro|49.5877|17.38774
Litovel,Nasobůrky,Alibona|49.69155|17.0651
Vysočany,Svobodův mlýn|48.96134|15.6792
Olomouc,Kmochova|49.59308|17.23126
Hvožďany|49.52659|13.80231
Ostrava,Hrabůvka,Josefa Kotase|49.78372|18.25777
Velká Bystřice,Ferona|49.59677|17.27285
Krhov|49.0997|16.0189
Dušníky,teletník|50.41499|14.19398
Úherce|49.70071|13.21502
Mariánské Lázně,Škola|49.96224|12.7001
Olomouc,U Kovárny|49.59648|17.22825
Benešov|49.77952|14.68378
Olomouc,Lipenská|49.58976|17.29922
Šenov u N.Jičína,Tesco|49.60121|18.00477
Záluží,zdrav.stř.|50.55579|13.60233
Tršice,nám.|49.54241|17.42624
Olomouc,aut.nádr.podchod|49.58859|17.28481
Pardubice,UMA,točna|50.06562|15.70844
Tršice,Lipňany,náves|49.53155|17.40037
Nezamyslice|49.33571|17.16147
Pardubice,UMA,továrna|50.06285|15.71071
Olomouc,Pražská|49.59657|17.23121
Štítary,penzion M|48.9134|15.81854
Bílovice-Lutotín,Lutotín,rozc.|49.50804|17.04591
Buková|49.44342|16.23312
Koryčany,přehrada|49.08317|17.13253
Dubove,AS|49.38601|14.7275
Ryškan,AS|49.22329|17.65478
Zlín,Kocanda sídliště|49.24287|17.67375
Frýdek-Místek,Frýdek,frýdecký les|49.70133|18.36115
Olomouc,Nádraží město|49.59258|17.27838
Olomouc,Šantovka|49.58712|17.2576
Frýdek-Místek,Místek,osmá ZŠ|49.67829|18.33534
Olomouc,Palackého|49.60282|17.25008
Kunratice u Cvikova,domky|50.77308|14.72437
Olomouc,V Kotlině|49.81907|15.51959
Vranov n.Dyjí,zámek parkoviště|48.89725|15.8086
Siltse,AS|49.22329|17.65478
Česká Lípa,U Hřbitova|50.00311|16.22888
Plešivec,nám.|50.68446|14.64577
Teplá,Jitona|49.96872|12.8741
Ostrava,Heřmanice,kult.dům|49.8593|18.33046
Ostrava,Zábřeh,Rodinná|49.79583|18.2664
Výrovice,rozc.2.0|48.91696|16.10341
Yasinya,AS|49.22329|17.65478
Lučenec,AS|48.33056|19.66098
Lešná,Vysoká,točna|49.51854|17.94726
Štítary,camp Vranov|48.91602|15.81668
Výrovice,host.|48.92865|16.12023
Ostrava,Zábřeh,Tylova|49.80258|18.24421
Okrouhlice,sokolovna|49.631|15.48964
Mariánské Lázně,Koliba|49.97337|12.71731
Uničov,Střelice,rozc.Renoty|49.74934|17.09226
Drásov,kostel|49.23006|16.64976
Chlumec|49.35504|13.36546
Plzeň,Prostřední|49.11894|13.47603
Ostrava,Zábřeh,Dolní|49.92779|18.07784
Litovel,Nasobůrky,prům.zóna|49.69403|17.05081
Světnov,u mostu|49.62135|15.92864
Olomouc,Topolany|49.5978|17.17714
Lužany,ObÚ|50.43077|15.4699
Ostrava,Hulváky,Hulvácká|49.81957|18.23957
České Budějovice,U Jižní zastávky|48.90089|14.61176
Klatovy,Městské lázně|49.40006|13.27643
Olomouc,Pod Letištěm|49.59171|17.20045
Borek,samoobsl.|50.53559|15.23207
Sieniawka,CLO Kopaczów|50.86989|14.84588
Ostrava,Hulváky,Ferona|49.81461|18.23843
Chrastava,Andělská Hora,žel.zast.|50.79698|14.95822
Mackovice,rozc.2.6|48.90082|16.29337
Olomouc,Stiborova|49.58957|17.22407
Želešice,host.|49.11682|16.58154
Ostrava,Hulváky,Střelnice|49.83882|18.27579
Kadaň,Prunéřov 2|50.4331|13.25926
Pustá Kamenice,Pec,odb.|49.76156|16.06864
Praha,Na příkopě|50.0853|14.42481
Živanice|50.0618|15.64916
Roztoky,Vltavská|50.16418|14.40023
Lovosice,obchodní centrum|50.68915|13.98242
Karviná,Darkov,Karvinské moře|49.83793|18.54632
Kadaň,Prunéřov 1|50.43359|13.25835
Mělník,koupaliště|50.39377|14.58456
Roztoky,Městský úřad|50.1629|14.39656
Spořice,V Loužích|50.45119|13.39147
Olomouc,Lékařská fakulta|49.58628|17.2366
Ostrava,Poruba,Telekom.škola|49.83593|18.16788
Libějice|49.38165|14.62007
Roztoky,žel.zast.Žalov|50.16832|14.36736
Olomouc,Hněvotínská|49.58764|17.23822
Ostrava,Mar.Hory,Prostorná|49.83252|18.25185
Stružná,Horní Tašovice,rozc.|50.17157|13.01473
Jirkov,Kaufland|50.48459|13.44444
Slatinice,Lípy,rozc.u studánky|49.54352|17.10365
Vsetín,Jasenice,I|49.51885|17.96598
Olomouc,Horní Lán|49.59401|17.25142
Ostrava,Mar.Hory,Daliborova|49.82548|18.25555
Bedřichov|50.0452|15.13698
Obora|48.66803|16.94845
Špola,AS|50.11183|14.473
Olomouc,Aquapark|49.57417|17.22276
Olomouc,Pavlovičky|49.60143|17.27629
Černovice|49.36876|14.96392
Katowice,Airport|49.7803|18.4417
Příkazy,hor.konec|49.94247|15.1884
Olomouc,Pavlovická|49.60205|17.27779
Moravany|50.00224|15.94629
Tři Sekery,střed|49.94011|12.61963
Louka|49.53194|16.43135
Kuchařovice,H & M|48.87486|16.08059
Krnov,průmyslová zóna II Hájnický potok|50.06047|17.74232
Hronov,Malá Čermná,CLO|50.42816|16.19077
Olomouc,Bělidla|49.59568|17.27827
Teplice,Náměstí Svobody|50.64069|13.82412
Prosetín|49.8325|15.96187
Koveľ,AS|50.64594|13.82689
Tasovice|49.4964|16.44042
Červený Kostelec,Bohdašín,odb.|50.49463|16.10778
Olomouc,Husův sbor|49.59782|17.24707
Těšetice,Rataje,rest.|49.58698|17.11122
Teplice,Zámecké náměstí|50.63734|13.82572
Windhof,ZOLL|50.0029|14.55844
Žďárky,u mostu|50.73654|14.00821
Výškov,Počerady,Elna|50.42676|13.68282
Olomouc,Hodolanská|49.59166|17.286
Loučany,čekárna|49.60162|17.08195
Hradec Králové,Divec Obecní úřad|50.23992|15.92164
Žďárky|50.47078|16.22307
Studénka,Butovice,Vagónka vrát.2|49.70551|18.05187
Loučany,kult.dům|49.60469|17.08584
Ostrava,Poruba,Sokolovská|49.83559|18.17802
Medlov|49.61391|16.05117
Kouty|50.09895|17.12052
Hronov,Zálesí,křiž.|50.50662|16.00686
Ostrava,Hranečník,Teplotechna|49.81765|18.32018
Těšetice,pošta|49.59084|17.1307
Černigov,AS|50.21442|15.8135
Praha,Resslova|50.07583|14.41593
České Budějovice,Haklovy Dvory - křižovatka|48.99288|14.41326
Pila|49.109|13.49374
Těšetice,Vojnice|49.59711|17.14156
Cheb,Podhradská depo rozc.|50.06799|12.38734
Jastrzębie-Zdrój,Dworzec Zdrój|49.91788|18.57475
Vysoká Srbská,Zlíčko,u Rozmichů|50.48364|16.22112
Krásné,nad řekou|49.68359|16.14644
Říčany,Prům.areál Černokostelecká|50.0047|14.65729
Ostrava,Hrabůvka,Provaznická|49.79048|18.25905
Ústín,rest.|49.58708|17.15832
Havlíčkův Brod,Baštínov|49.57826|15.60635
Vysoká Srbská,Zlíčko|50.48364|16.22112
Zlín,U Mlýna|49.20765|17.58467
Znojmo,Pod Soudním vrchem|48.86835|16.03426
Sezemice,Počaply|50.05596|15.83713
Znojmo,U Lesíka|48.8715|16.04488
Sumy,AS|50.07225|14.40666
Olomouc,Topolany,křiž.|49.47192|17.11183
Zlín,Trávníky|49.2139|17.61207
Karlovy Vary,Tesco|50.2388|12.84871
Zlonice,závod|50.34551|14.2728
Olomouc,Neředín,krematorium|49.59651|17.2171
Zlín,Pošta|49.22475|17.69139
Olomouc,Řepčín,škola|49.60658|17.2322
Olomouc,Foerstrova|49.59488|17.2324
Höll,Gasthaus Hölzlwirt|50.78377|14.21835
Nasavrky|49.84503|15.80302
Zlín,Dr.E.Beneše|49.33102|17.57843
Olomouc,Nový Dvůr|49.54791|17.27886
Študlov,točna|49.59926|16.50069
Olomouc,Řepčínská|49.6063|17.23527
Ostrava,Vítkovice,Pohraniční|49.81799|18.25645
Olomouc,Dvořákova|49.58924|17.23887
Zlín,Havlíčkova|49.29123|17.37598
Olomouc,Průmyslová|49.82018|16.58115
Ostrava,Mar.Hory,Vagonka|49.72106|18.03519
Olomouc,Tomkova|49.60425|17.2395
Štěpánovice|49.3732|16.38981
Lindau,Blaukreuzstrasse|50.5746|13.62477
Zlín,Nadjezd|49.20872|17.51957
Ostrava,Zábřeh,Svornosti|49.78495|18.23243
Olomouc,Keplerova|49.56925|17.2913
Blatnice p.Sv.Antonínkem,křiž.|48.95802|17.47283
Ostrava,Zábřeh,Rodimcevova|49.79229|18.23761
Rachiv,AS|50.09293|14.48177
Bílovec,Stará Ves,Požaha rozc.|49.78275|17.92418
Havlíčkův Brod,Okrouhlická|49.61194|15.54835
Lešná,Lhotka n.Bečvou,Prefa|49.50139|17.93427
Olomouc,Holice|49.5701|17.2982
Ostrava,Zábřeh,Kpt.Vajdy|49.79317|18.24549
Vlčnov,Brodská|49.01017|17.58287
Zlín,U Dřevnice|49.22571|17.66319
Březí|48.81289|16.55434
Opatovec,Český Lačnov|49.7935|16.48378
Chotěbuz,CLO|49.74944|18.62524
Popovice,dol.konec|49.04793|17.52484
Olomouc,U Mlýna|49.61009|17.28294
Zlín,Pneumatikárna|49.19867|17.52608
Bílovice-Lutotín,Bílovice,rozc.|49.50804|17.04591
Olomouc,ČSAD|49.58656|17.29026
Plzeň,NC Studentská|49.77374|13.34851
Brno,Tribuny A-B-C|49.20915|16.45306
Krčmaň,Olomoucká|49.52189|17.34355
Přestavlky|49.9397|15.92585
Olomouc,Foerstrova pošta|49.59143|17.23546
Zlín,Teplárna|49.22567|17.65499
Bystřice,žel.st.|49.39304|17.66554
Brno,Tribuna D|49.20915|16.45306
Zlín,Hurdisky|49.21162|17.51722
Olomouc,Erenburgova|49.5995|17.23216
Lično,Podstránský mlýn|50.18064|16.18661
Bratislava,Letisko-Airport|48.17005|17.21262
Majetín,škola|49.50252|17.33389
Ostrava,Poruba,Nábřeží SPB|49.82376|18.167
Brno,Camp Žebětín|49.02857|16.24522
Slatinice,lázně|49.56237|17.09641
Majetín,rest.|49.49787|17.33358
Hošťálková,Kovex|49.35271|17.86174
Zlín,Zahradní|49.23066|17.59052
Slatinice,Lípy,náves|49.54657|17.10375
Chropyně,Plešovec,Benzina|49.33821|17.31362
Temelín,Lhota p.Horami|49.18227|14.31583
Slatinice,škola|49.56266|17.09929
Zboriv,AS|50.07309|14.43159
Zlín,Společenský dům|49.22112|17.66111
Samotíšky,škola|49.63052|17.32784
Křelovice|49.537|15.16631
Slatinice,Větřák|49.55255|17.10289
Rakovice|49.47251|14.05475
Tovéř,kult.dům|49.63935|17.31928
Malý Háj,Lesná,rozc.|50.57939|13.4206
Lutín,Třebčín,škola|49.551|17.11085
Ivaň|48.92931|16.57513
Kopyčynci,AS|49.22329|17.65478
Karpacz,Bachus|50.60787|15.50266
Harrachov,CLO|50.72431|15.1776
Nová Ves|49.78352|15.40425
Lutín,Třebčín,žel.st.|49.54884|17.11905
Olomouc,Kaufland sklad|49.56354|17.3097
Lutín,ObÚ|49.55816|17.13603
Bystročice,u mostu|49.53559|17.18866
Záchlumí,rozc.|49.78625|12.95659
Kovářská,Elektropřístroj|50.43483|13.04966
Nové Město na Mor.,Karníkova|49.57318|16.08091
Olomouc,Staškova|49.57865|17.2988
Lutín,Sigma|49.55672|17.14272
Vrbátky,ObÚ|49.50829|17.20114
Starý Mateřov|50.0015|15.71544
Jablonec n.Nisou,Pasecké nám.|50.73411|15.18926
Nové Sedlo,Jalový Dvůr|50.2063|12.76735
Hradec Králové,Slezské Př.- nádraží|50.22114|15.85944
Olomouc,Hamerská|49.58299|17.30345
Vrbátky,křiž.|49.49332|17.19431
Lutín,Neptun|49.55844|17.14255
Plánice,Bližanovy,točna|49.4214|13.50603
Olomouc,Hamerská ADM|49.58487|17.30893
Kluky|49.90782|15.32465
Hněvotín,nám.|49.57019|17.17746
Hradec Králové,SLEZSKÉ PŘ.- CIHELNA|50.09581|16.75521
Věrovany,křiž.u pošty|49.46387|17.29089
Hněvotín,WANZL|49.56842|17.19158
Praha,Žabovřeská|49.9703|14.38561
Bogatynia,AS|50.20755|12.20468
Střeň,obchod|49.69166|17.15409
Olomouc,Kaufland|49.5884|17.27176
Nový Knín,Sídliště|49.78456|14.2943
Železná Ruda,Špičák|49.17282|13.22559
Olomouc,Technologický park|49.60089|17.25835
Marklowice Górne,CLO|49.89204|18.57129
Šumvald,rozc.Libina|49.82867|17.12243
Dolní Loučky,orlovna|49.36188|16.35394
Babice|50.00788|14.71485
Náklo,Lhota n.Mor.,náves|49.67577|17.14384
Olomouc,Hotelový dům|49.58279|17.24182
Ostrava,Pustkovec,Krásnopolská|49.84369|18.12374
Plazy|50.41465|14.97461
Olomouc,Na Špici|49.59903|17.27436
Skryje|49.96522|13.76711
Olomouc,Zenit|49.58136|17.24674
Maršovice|49.71424|14.56558
Ostrava,Polanka,Štěrkopísek|49.78362|18.18963
Náklo,obchod|49.66447|17.10812
Schmilka,Grenzübergang|50.88781|14.23419
Vlkaneč,škola|49.80597|15.40334
Klimkovice,Josefovice,rozc.Jistebník|49.76634|18.11339
Náklo,rozc.|49.65039|17.12465
Olomouc,Komenského|49.59731|17.26647
Tupesy,u hřiště|49.08993|17.37565
Sezemice,Veská|50.04037|15.85784
Stará Ves n.Ondř.,Košatka,rest.Odra|49.73287|18.15719
České Budějovice,Kněžské Dvory - sokolovna|49.00815|14.47707
Hřensko,CLO|50.77502|14.23528
Náklo,Mezice,rozc.|49.65643|17.11419
Olomouc,Jezírka|49.56889|17.18406
Mezouň,Letník|50.00549|14.21919
Ledce,Šternberk|50.19923|14.02453
Olomouc,Pustatiny|49.62874|17.24308
Hradčany|50.08987|14.40009
Tišnovská Nová Ves,rozc.2.0|49.36792|16.31826
Litovel,Březové,náves|49.67928|17.11567
Božičany,KSNP|50.25255|12.76714
Otovice,CLO|50.25579|12.85879
Moravský Beroun,Čabová|49.80644|17.46912
Olomouc,Chomoutov|49.63442|17.23956
Luběnice,náves|49.61637|17.19751
Velké Karlovice,Tísňavy,U Vojvodíků|49.35226|18.32961
VYSOKÁ|49.94258|15.18847
Petrov|48.88627|17.27197
Předmíř,rozc.1.0|49.48141|13.75881
Litovel,Unčovice,škola|49.66577|17.10405
Sadov,Lesov,Sedmidomky|50.26243|12.9143
Drahanovice,Střížov,čekárna|49.58311|17.05946
Velké Karlovice,Tísňavy,výrobní zóna|49.34889|18.32502
Litovel,Unčovice,rozc.|49.66426|17.10313
Drahanovice,Ludéřov,rest.|49.57873|17.05
Hradec Králové,Vysoká Obecní úřad|50.15378|15.82403
Horní Loděnice,u váhy|49.7705|17.37415
Velké Karlovice,Tísňavy,hasičská zbrojnice|49.34318|18.32504
Štěpánov,Březce,kaple|49.66794|17.23542
Rozkoš,myslivna|49.02952|15.95938
Drahanovice,Kníničky,rozc.|49.57658|17.05968
Velké Karlovice,Tísňavy,točna|49.34039|18.32667
Litovel,Rozvadovice,náves|49.67647|17.09255
Šternberk,Dalov|49.78389|17.33862
Hradec Králové,Vysoká hostinec|50.15538|15.8179
Štěpánov,Mor.Huzová,Benátky|49.67371|17.24006
Rudky,AS|49.51705|16.51065
Litovel,Rozvadovice,rozc.|49.67509|17.09036
Rozkoš,Kníničky|49.02711|15.93449
Huzová,Arnoltice|49.84526|17.35461
Šternberk,Horní Žleb|49.77231|17.31868
Drahanovice,škola|49.57561|17.07625
Štěpánov,Březecká|49.67224|17.22948
Huzová,myslivna|49.834|17.33047
Brumov,rozc.3.0|49.46573|16.456
Litovel,hřbitov|49.68148|17.079
Ostrov,Škoda 42|50.33164|12.95581
Ústí nad Labem,Chlumec přejezd|50.71412|13.94207
Litovel,Chořelice,rozc.|49.68834|17.07774
Rašov,rozc.1.0|49.43925|16.4676
Huzová,sad|49.82536|17.3076
Šternberk,Horní Žleb,kamenolom|49.76458|17.31666
Štěpánov,u Salvie|49.6767|17.22638
Drahanovice,Lhota p.Kosířem|49.56483|17.05086
Ústí nad Labem,Zalužanská|50.69664|13.93306
Vítkov,Zálužné,rozcestí|49.81427|17.71064
Huzová,rest.|49.82158|17.29884
Valašské Klobouky,Smolina,háj|49.16062|17.99705
Šternberk,Dolní Žleb,rybník|49.7561|17.31488
Štěpánov,škola|49.68328|17.2243
Litovel,Palackého|49.69464|17.07646
Huzová,mlýn|49.81369|17.29172
Kyjovice,rest.Zátiší|49.84859|18.05356
Šternberk,Dolní Žleb,rest.|49.75183|17.30784
Vítkov,Nové Těch.|49.80686|17.71473
Litovel,aut.nádr.|49.70224|17.07136
Štěpánov,kino|49.68416|17.22061
Mutkov,střed|49.80321|17.28856
Dolní Bousov,nádraží|50.44156|15.1323
Lužice,rozc.|48.84469|17.08268
Šternberk,Dolní Žleb,autocamp|49.74786|17.30563
Šumice,škola|49.02842|17.72237
Mutkov,rozc.|49.79155|17.28366
Litovel,škola|49.70205|17.07394
Liboš,u mostu|49.68754|17.22567
Pavlov|49.69924|15.33246
Šternberk,Hvězdné údolí|49.73965|17.29952
Šternberk,Chabičov|49.76583|17.29673
Ústí nad Labem,Stradov|50.69374|13.9214
Holubice,žel.st.|49.17979|16.82465
České Budějovice,Letiště České Budějovice-Terminál|48.95003|14.43612
Břeclav,Poštorná,CLO|48.73607|16.85873
Otrokovice,Terezov|49.23576|17.53828
Liboš,Na horním|49.69155|17.22495
Hlásnice|49.43504|14.15458
Tršice,Zákřov,pomník|49.54661|17.44757
Rožnov p.Radh.,Palackého ul.|49.46054|18.14514
Štěpánov,Mor.Huzová|49.69456|17.24286
Ústí nad Labem,U Pomníku|50.42752|14.25451
Rojetín,rozc.0.5|49.37043|16.25446
Šternberk,Jesenická|49.7331|17.3018
Štěpánov,Mor.Huzová,Stádlo|49.70987|17.2454
Dolní Bečva,Dolní Rozpité,točna|49.4708|18.21076
Šternberk,Aleš|49.70126|17.2933
Tršice,Vacanovice,náves|49.5444|17.39022
Polom,rozc.k Lučicím|49.58199|17.81735
Bělkovice-Lašťany,Lašťany,pod lipami|49.67306|17.31688
Lužice,statek|48.80304|17.01371
Bělkovice-Lašťany,Lašťany,garáž|49.67143|17.32497
Tršice,Hostkovice,náves|49.54878|17.37437
Hnojice,nám.|49.71633|17.2238
Kadaň,Komenského Studentské.nám.|50.37776|13.26813
Bělkovice-Lašťany,Lašťany,Hostinec|49.66891|17.31647
Žerotín,u kaple|49.72422|17.18762
Tršice,Přestavlky,křiž.|49.52058|17.43641
Štěpánov,Leda|49.68717|17.21232
Ždánice|49.0651|17.02531
Bělkovice-Lašťany,Bělkovice|49.66818|17.31641
Strukov,rest.|49.73158|17.17699
Tatariv,AS|50.07353|14.39365
Sudoměřice,CLO|48.87239|17.11717
Štěpánov,rozc.Krnovská|49.69066|17.20553
Velký Týnec,Čechovice,křiž.|49.55169|17.35566
Mikuličin|48.94498|17.80962
Dolany,Hanácká zemědělská|49.65308|17.31974
Štěpánov,Novoveská|49.69314|17.19573
Dolany,rest.|49.96826|15.2173
Petrovice,hranice|49.81427|15.05967
Pňovice,ObÚ|49.72072|17.16057
Skalica,žel.st.|48.85641|17.12204
Dolany,škola|49.64615|17.32338
Březina,Lhotky,rozc.1.7|49.28682|16.76438
Žerotín,křiž.U zádruhy|49.72869|17.17949
Monastyryska,AS|49.22329|17.65478
Tovéř,kaple|49.63964|17.31744
Březina,u sokolovny|49.28418|16.75947
Želechovice,Jednota|49.75378|17.14431
Benešov,aut.st.|49.77952|14.68378
Březina,U pomníku|49.28202|16.75431
Uničov,Brníčko,rozc.|49.7724|17.13944
Benešov,pivovar|49.78011|14.69048
Uničov,UNEX|49.77818|17.14385
Hevlín,CLO|48.80725|16.6256
Hodonín,CLO|49.51005|16.40718
Uničov,Bezručovo nám.|49.76959|17.12502
Březina,škola|49.28218|16.75067
Doubravník,Prudká rozc.1.0|49.42198|16.37005
Březina,Táborská|49.28148|16.7493
Moravský Beroun,Granitol|49.79395|17.4497
Hrádek,kult.dům|48.77564|16.26977
Moravský Beroun,nám.|49.79371|17.44139
Písek,Obecní|49.28531|14.17678
Moravský Beroun,Ondrášov|49.78776|17.42678
Holenice,lom|50.51848|15.29898
Dětřichov|50.89281|15.03682
Olomouc,Šlechtitelů|49.57522|17.279
Olomouc,Holická Grapo|49.58033|17.28011
Machov,Machovská Lhota,CLO|50.42816|16.19077
Olomouc,Nový Svět|49.58238|17.27401
Olomouc,Přichystalova|49.5775|17.27012
Olomouc,Konzum|49.58182|17.27339
Bladel,ZOLL|50.0029|14.55844
Olomouc,Zora|49.58618|17.27498
Mariánské Lázně,Velká Hleďsebe - Růžek|50.17997|12.64572
Dolní Jiřetín,Centrum|50.55717|13.59032
Mariánské Lázně,Klimentov|49.96454|12.67146
Mariánské Lázně,Klimentov sídliště|49.89556|12.73365
Mariánské Lázně,Ruská|49.97231|12.70156
Havlíčkův Brod,Stříbrný Dvůr|49.6056|15.60274
Prilep|50.12447|13.63051
Olomouc,Nedvězí|49.55508|17.20852
Olomouc,motel Prachárna|49.60693|17.21363
Bystročice,obchod|49.55202|17.18357
Ohrid,AS|50.2318|14.4099
Křelov-Břuchotín,Křelov,náves|49.6134|17.19838
Křelov-Břuchotín,Křelov,Regena|49.61288|17.18977
Bystročice,Žerůvky,kaplička|49.54164|17.18586
Křelov-Břuchotín,Břuchotín,rozc.|49.6205|17.18101
Křelov-Břuchotín,Břuchotín,náves|49.62372|17.17779
Skrbeň,rozc.|49.62789|17.16744
Příkazy,žel.st.|49.63813|17.14515
Příkazy,u sladovny|49.63848|17.14649
Příkazy,pomník padlým|49.64245|17.14862
Vršovice|50.06987|14.45242
Příkazy,Hynkov,rest.|49.6691|17.17327
Šternberk,Dvorská|49.73226|17.29917
Olomouc,Technologická|49.57759|17.28321
Šternberk,Masarykova|49.7256|17.29033
Olomouc,Na Sezníku|49.61647|17.25764
Šternberk,Opavská MěÚ|49.7315|17.29983
Olomouc,Černovír|49.61307|17.26257
Bratčice|49.85492|15.43015
Šternberk,Sadová|49.72601|17.303
Němčičky|48.93299|16.83551
Šternberk,Svatoplukova|49.72382|17.30311
Pňovice,Hrušov|49.7159|17.15626
Krasíkov,žel.st.|49.84951|16.69362
Šternberk,Dlouhá|49.72706|17.27743
Babice,spín.st.|49.72917|17.27103
Litovel,Tři Dvory,obchod|49.7132|17.10537
Jablůnka,záv.|49.39139|17.96293
Litovel,Pošmýl|49.70892|17.08693
Babice,čekárna|49.29789|16.53864
Litovel,Žerotínova|49.70747|17.08004
Šternberk,Krákořice|49.74945|17.26402
Lety,Na Návsi|49.92151|14.25619
Komárov|49.65422|14.71799
Nový Jičín,Bludovice,Fojtství|49.5741|18.02104
Řídeč,MŠ|49.75114|17.23591
Hradec Králové,Charbuzice křižovatka|50.22442|15.75035
Bor,Vysočany,CPI Park Mlýnec|49.70129|12.73562
Řídeč,točna|49.76572|17.25857
Hradec Králové,Charbuzice|50.23153|15.74485
Mladějovice,žel.st.|49.75838|17.23523
Olomouc,Dlouhá|49.8176|17.18804
Hradec Králové,STĚŽÍRKY|50.22077|15.72627
Mladějovice,kostel|49.75276|17.23044
Chotutice,Průběžná|50.07304|14.99781
Mladějovice,rozc.|49.75114|17.23326
Hradec Králové,Stěžery CIS|50.21602|15.74792
Mladějovice,farma|49.73708|17.22598
Hradec Králové,Stěžery zastávka|50.21455|15.75023
Třeboň,u Penny|49.01198|14.75529
Mladějovice,hor.kolonie|49.75964|17.20947
Hradec Králové,Stěžery kostel|50.20903|15.83345
Dlouhá Loučka,rest.U Hvězdy|49.81597|17.17837
Újezd,Rybníček,rozc.|49.76495|17.19696
Dlouhá Loučka,radnice|49.77077|17.12153
Újezd,rest.Jednota|49.76528|17.17956
Nové Sady|49.19011|16.60928
Dlouhá Loučka,rozc.|49.82058|17.20006
Studnice|49.73811|15.90127
Újezd,žel.st.|50.03182|16.17907
Břežany|49.96271|14.45718
Paseka,VEPA|49.77729|17.23411
Dětkovice|49.41524|17.08665
Paseka,rozc.|49.62337|15.25555
Paseka,sanatorium|49.81085|17.22164
Havlíčkův Brod,Králíčkova|49.6097|15.55997
Dobrkovice,rozc.1.0|49.09882|17.66078
Havlíčkův Brod,Ledečská|49.60685|15.56856
